Lima,
X,Y
100.1785714,0.001064967
114.6428571,0.002163484
128.9285714,0.004538522
143.3928571,0.008239388
149.1071429,0.009839462
154.8214286,0.011563013
160.5357143,0.013588474
166.4285714,0.015217752
172.1428571,0.017317958