YoufisUrquijo,
X,Y
120.7142857,0.00223594
140.5357143,0.006069748
160.5357143,0.01233986
180.8928571,0.021710999
201.25,0.035250534